{
  "generated_at": "2026-04-04T22:32:38.160113",
  "cleaning_summary": {
    "original_rows": 284807,
    "original_columns": 31,
    "duplicate_rows_removed": 1081,
    "missing_values_before": 0,
    "missing_values_after": 0,
    "outliers_capped_amount": 31685
  },
  "dataset_profile": {
    "shape": [
      283726,
      31
    ],
    "columns": [
      "Time",
      "V1",
      "V2",
      "V3",
      "V4",
      "V5",
      "V6",
      "V7",
      "V8",
      "V9",
      "V10",
      "V11",
      "V12",
      "V13",
      "V14",
      "V15",
      "V16",
      "V17",
      "V18",
      "V19",
      "V20",
      "V21",
      "V22",
      "V23",
      "V24",
      "V25",
      "V26",
      "V27",
      "V28",
      "Amount",
      "Class"
    ],
    "class_distribution": {
      "0": 99.8333,
      "1": 0.1667
    },
    "describe": {
      "Time": {
        "count": 283726.0,
        "mean": 94811.07759951502,
        "std": 47481.047890619506,
        "min": 0.0,
        "25%": 54204.75,
        "50%": 84692.5,
        "75%": 139298.0,
        "max": 172792.0
      },
      "V1": {
        "count": 283726.0,
        "mean": 0.005917149836165737,
        "std": 1.9480261416254707,
        "min": -56.407509631329,
        "25%": -0.9159513307412135,
        "50%": 0.020384054673383903,
        "75%": 1.31606775368132,
        "max": 2.45492999121121
      },
      "V2": {
        "count": 283726.0,
        "mean": -0.0041347556281217,
        "std": 1.6467029642463504,
        "min": -72.7157275629303,
        "25%": -0.6003205657226367,
        "50%": 0.0639491720686272,
        "75%": 0.8002828928387605,
        "max": 22.0577289904909
      },
      "V3": {
        "count": 283726.0,
        "mean": 0.0016131193558785572,
        "std": 1.5086819162059164,
        "min": -48.3255893623954,
        "25%": -0.8896820047070662,
        "50%": 0.1799627277579035,
        "75%": 1.0269599742860676,
        "max": 9.38255843282114
      },
      "V4": {
        "count": 283726.0,
        "mean": -0.0029663077203488496,
        "std": 1.4141840144475144,
        "min": -5.68317119816995,
        "25%": -0.8501344664392158,
        "50%": -0.0222480167048314,
        "75%": 0.739646964483283,
        "max": 16.8753440335975
      },
      "V5": {
        "count": 283726.0,
        "mean": 0.001827560113033871,
        "std": 1.3770082792800886,
        "min": -113.743306711146,
        "25%": -0.6898297299310185,
        "50%": -0.05346760692155525,
        "75%": 0.6122179627567953,
        "max": 34.8016658766686
      },
      "V6": {
        "count": 283726.0,
        "mean": -0.0011394881897384855,
        "std": 1.331930591715164,
        "min": -26.1605059358433,
        "25%": -0.7690307688926414,
        "50%": -0.2751676384634605,
        "75%": 0.39679214047379624,
        "max": 73.3016255459646
      },
      "V7": {
        "count": 283726.0,
        "mean": 0.0018006917653071725,
        "std": 1.2276638954422558,
        "min": -43.5572415712451,
        "25%": -0.5525094418610073,
        "50%": 0.040859470599398345,
        "75%": 0.5704738684867068,
        "max": 120.589493945238
      },
      "V8": {
        "count": 283726.0,
        "mean": -0.0008544525734540459,
        "std": 1.1790544275788069,
        "min": -73.2167184552674,
        "25%": -0.20882847161887025,
        "50%": 0.021897947014776098,
        "75%": 0.3257036839267247,
        "max": 20.0072083651213
      },
      "V9": {
        "count": 283726.0,
        "mean": -0.0015961996217021583,
        "std": 1.0954924810736155,
        "min": -13.4340663182301,
        "25%": -0.6442207694753568,
        "50%": -0.0525956513955632,
        "75%": 0.5959768591827228,
        "max": 15.5949946071278
      },
      "V10": {
        "count": 283726.0,
        "mean": -0.001440710485031482,
        "std": 1.0764073501381102,
        "min": -24.5882624372475,
        "25%": -0.5355781093043295,
        "50%": -0.09323652620247,
        "75%": 0.4536187284492523,
        "max": 23.7451361206545
      },
      "V11": {
        "count": 283726.0,
        "mean": 0.00020175763995937412,
        "std": 1.0187201526753202,
        "min": -4.79747346479757,
        "25%": -0.761649296487023,
        "50%": -0.03230594037210535,
        "75%": 0.7395791921050707,
        "max": 12.0189131816199
      },
      "V12": {
        "count": 283726.0,
        "mean": -0.0007147876574060107,
        "std": 0.9946744452140553,
        "min": -18.6837146333443,
        "25%": -0.4061977332430922,
        "50%": 0.13907201031481248,
        "75%": 0.6169764893919558,
        "max": 7.8483920756446
      },
      "V13": {
        "count": 283726.0,
        "mean": 0.0006033757913236822,
        "std": 0.995429636770304,
        "min": -5.79188120632084,
        "25%": -0.6478620791041647,
        "50%": -0.012926990224900549,
        "75%": 0.6631783137505225,
        "max": 7.12688295859376
      },
      "V14": {
        "count": 283726.0,
        "mean": 0.0002523173005216361,
        "std": 0.9522150900331083,
        "min": -19.2143254902614,
        "25%": -0.425732465586286,
        "50%": 0.05020867775725035,
        "75%": 0.492335540901136,
        "max": 10.5267660517847
      },
      "V15": {
        "count": 283726.0,
        "mean": 0.0010428380498146792,
        "std": 0.914893633452561,
        "min": -4.49894467676621,
        "25%": -0.5814518450583814,
        "50%": 0.04929885180469505,
        "75%": 0.6501041163940502,
        "max": 8.87774159774277
      },
      "V16": {
        "count": 283726.0,
        "mean": 0.0011620128156736773,
        "std": 0.8736963275712338,
        "min": -14.1298545174931,
        "25%": -0.46685961570977524,
        "50%": 0.0671191378908382,
        "75%": 0.5235115807729338,
        "max": 17.3151115176278
      },
      "V17": {
        "count": 283726.0,
        "mean": 0.00017016094454838136,
        "std": 0.8425073207466596,
        "min": -25.1627993693248,
        "25%": -0.483927580381912,
        "50%": -0.0658669329326605,
        "75%": 0.3989717123472575,
        "max": 9.25352625047285
      },
      "V18": {
        "count": 283726.0,
        "mean": 0.0015151660104586516,
        "std": 0.8373775297813794,
        "min": -9.49874592104677,
        "25%": -0.4980142985297348,
        "50%": -0.00214175617719485,
        "75%": 0.5019556651381313,
        "max": 5.04106918541184
      },
      "V19": {
        "count": 283726.0,
        "mean": -0.00026426358751910594,
        "std": 0.8133785531048033,
        "min": -7.21352743017759,
        "25%": -0.4562889162254948,
        "50%": 0.0033670829391581,
        "75%": 0.4585079337186285,
        "max": 5.59197142733558
      },
      "V20": {
        "count": 283726.0,
        "mean": 0.00018717524731653204,
        "std": 0.7699842414107975,
        "min": -54.497720494566,
        "25%": -0.2114692754611365,
        "50%": -0.062353459380288,
        "75%": 0.133207117892697,
        "max": 39.4209042482199
      },
      "V21": {
        "count": 283726.0,
        "mean": -0.0003705931233592021,
        "std": 0.7239093668620532,
        "min": -34.8303821448146,
        "25%": -0.2283049085298765,
        "50%": -0.02944058938024295,
        "75%": 0.18619360292644677,
        "max": 27.2028391573154
      },
      "V22": {
        "count": 283726.0,
        "mean": -1.5027563164961225e-05,
        "std": 0.724550465423999,
        "min": -10.933143697655,
        "25%": -0.5426997064829056,
        "50%": 0.0066748951611519,
        "75%": 0.5282451977216824,
        "max": 10.5030900899454
      },
      "V23": {
        "count": 283726.0,
        "mean": 0.00019817072381151602,
        "std": 0.6237023785807313,
        "min": -44.8077352037913,
        "25%": -0.16170345062652475,
        "50%": -0.011158576827809599,
        "75%": 0.147748443326184,
        "max": 22.5284116897749
      },
      "V24": {
        "count": 283726.0,